CRIME,OCC_YEAR,OCC_MONTH,OCC_DAY,OCC_DOW,OCC_HOUR,PREMISES_TYPE,HOOD_140,NEIGHBOURHOOD_140,LONG_WGS84,LAT_WGS84,OCC_TIMESTAMP
homicide,2015,January,10,Saturday,0,N/A,75,Church-Yonge Corridor (75),-79.37671331,43.66241268,2015-01-10 00:00:00-0500
homicide,2015,January,16,Friday,0,N/A,1,West Humber-Clairville (1),-79.59622148,43.74143135,2015-01-16 00:00:00-0500
homicide,2015,January,17,Saturday,0,N/A,50,Newtonbrook East (50),-79.4126711,43.78133031,2015-01-17 00:00:00-0500
homicide,2015,January,27,Tuesday,0,N/A,31,Yorkdale-Glen Park (31),-79.44926911,43.7205075,2015-01-27 00:00:00-0500
homicide,2015,January,31,Saturday,0,N/A,78,Kensington-Chinatown (78),-79.40545063,43.65088291,2015-01-31 00:00:00-0500
homicide,2015,February,4,Wednesday,0,N/A,120,Clairlea-Birchmount (120),-79.26220606,43.71254894,2015-02-04 00:00:00-0500
homicide,2015,February,28,Saturday,0,N/A,64,Woodbine Corridor (64),-79.32088796,43.68393823,2015-02-28 00:00:00-0500
homicide,2015,February,28,Saturday,0,N/A,64,Woodbine Corridor (64),-79.32088796,43.68393823,2015-02-28 00:00:00-0500
homicide,2015,March,17,Tuesday,0,N/A,6,Kingsview Village-The Westway (6),-79.54867241,43.7013181,2015-03-17 00:00:00-0500
homicide,2015,March,18,Wednesday,0,N/A,17,Mimico (includes Humber Bay Shores) (17),-79.48326397,43.6205055,2015-03-18 00:00:00-0500
homicide,2015,March,21,Saturday,0,N/A,7,Willowridge-Martingrove-Richview (7),-79.57040564,43.67633225,2015-03-21 00:00:00-0500
homicide,2015,March,30,Monday,0,N/A,2,Mount Olive-Silverstone-Jamestown (2),-79.58380099,43.73447858,2015-03-30 00:00:00-0500
homicide,2015,April,9,Thursday,0,N/A,61,Taylor-Massey (61),-79.30335812,43.69515077,2015-04-09 00:00:00-0500
homicide,2015,April,14,Tuesday,0,N/A,92,Corso Italia-Davenport (92),-79.43957083,43.67825217,2015-04-14 00:00:00-0500
homicide,2015,April,23,Thursday,0,N/A,122,Birchcliffe-Cliffside (122),-79.2637076,43.6920648,2015-04-23 00:00:00-0500
homicide,2015,May,8,Friday,0,N/A,136,West Hill (136),-79.18255246,43.76301925,2015-05-08 00:00:00-0500
homicide,2015,May,17,Sunday,0,N/A,93,Dovercourt-Wallace Emerson-Junction (93),-79.45315724,43.66577996,2015-05-17 00:00:00-0500
homicide,2015,May,19,Tuesday,0,N/A,66,Danforth (66),-79.32476486,43.68311087,2015-05-19 00:00:00-0500
homicide,2015,May,20,Wednesday,0,N/A,93,Dovercourt-Wallace Emerson-Junction (93),-79.44774438,43.65977334,2015-05-20 00:00:00-0500
homicide,2015,May,25,Monday,0,N/A,137,Woburn (137),-79.2352639,43.75771567,2015-05-25 00:00:00-0500
homicide,2015,May,30,Saturday,0,N/A,60,Woodbine-Lumsden (60),-79.31240543,43.68947229,2015-05-30 00:00:00-0500
homicide,2015,June,1,Monday,0,N/A,137,Woburn (137),-79.2352639,43.75771567,2015-06-01 00:00:00-0500
homicide,2015,June,3,Wednesday,0,N/A,75,Church-Yonge Corridor (75),-79.37775539,43.6519573,2015-06-03 00:00:00-0500
homicide,2015,June,12,Friday,0,N/A,111,Rockcliffe-Smythe (111),-79.49415781,43.67258053,2015-06-12 00:00:00-0500
homicide,2015,June,28,Sunday,0,N/A,84,Little Portugal (84),-79.42285012,43.64123192,2015-06-28 00:00:00-0500
homicide,2015,June,28,Sunday,0,N/A,84,Little Portugal (84),-79.42285012,43.64123192,2015-06-28 00:00:00-0500
homicide,2015,July,9,Thursday,0,N/A,2,Mount Olive-Silverstone-Jamestown (2),-79.58380099,43.73447858,2015-07-09 00:00:00-0500
homicide,2015,July,10,Friday,0,N/A,93,Dovercourt-Wallace Emerson-Junction (93),-79.44851171,43.66858493,2015-07-10 00:00:00-0500
homicide,2015,July,12,Sunday,0,N/A,123,Cliffcrest (123),-79.22679067,43.73001674,2015-07-12 00:00:00-0500
homicide,2015,August,3,Monday,0,N/A,74,North St.James Town (74),-79.37206804,43.67070052,2015-08-03 00:00:00-0500
homicide,2015,August,4,Tuesday,0,N/A,82,Niagara (82),-79.42262288,43.6327429,2015-08-04 00:00:00-0500
homicide,2015,August,4,Tuesday,0,N/A,82,Niagara (82),-79.42262288,43.6327429,2015-08-04 00:00:00-0500
homicide,2015,August,7,Friday,0,N/A,91,Weston-Pellam Park (91),-79.46369835,43.67587414,2015-08-07 00:00:00-0500
homicide,2015,August,9,Sunday,0,N/A,76,Bay Street Corridor (76),-79.38163118,43.65442112,2015-08-09 00:00:00-0500
homicide,2015,August,19,Wednesday,0,N/A,73,Moss Park (73),-79.37021334,43.65848384,2015-08-19 00:00:00-0500
homicide,2015,August,19,Wednesday,0,N/A,28,Rustic (28),-79.50411114,43.71413062,2015-08-19 00:00:00-0500
homicide,2015,September,6,Sunday,0,N/A,111,Rockcliffe-Smythe (111),-79.50085045,43.67797235,2015-09-06 00:00:00-0500
homicide,2015,September,12,Saturday,0,N/A,136,West Hill (136),-79.19643141,43.76614407,2015-09-12 00:00:00-0500
homicide,2015,September,22,Tuesday,0,N/A,135,Morningside (135),-79.21206073,43.78954218,2015-09-22 00:00:00-0500
homicide,2015,October,1,Thursday,0,N/A,134,Highland Creek (134),-79.15459325,43.79357368,2015-10-01 00:00:00-0500
homicide,2015,October,15,Thursday,0,N/A,137,Woburn (137),-79.22225749,43.7510204,2015-10-15 00:00:00-0500
homicide,2015,October,17,Saturday,0,N/A,1,West Humber-Clairville (1),-79.59556249,43.68675119,2015-10-17 00:00:00-0500
homicide,2015,October,31,Saturday,0,N/A,75,Church-Yonge Corridor (75),-79.38410773,43.66846411,2015-10-31 00:00:00-0500
homicide,2015,November,4,Wednesday,0,N/A,56,Leaside-Bennington (56),-79.35531535,43.71661681,2015-11-04 00:00:00-0500
homicide,2015,November,10,Tuesday,0,N/A,64,Woodbine Corridor (64),-79.31190314,43.68036996,2015-11-10 00:00:00-0500
homicide,2015,November,10,Tuesday,0,N/A,120,Clairlea-Birchmount (120),-79.27361267,43.71325935,2015-11-10 00:00:00-0500
homicide,2015,November,13,Friday,0,N/A,118,Tam O'Shanter-Sullivan (118),-79.31072707,43.77706418,2015-11-13 00:00:00-0500
homicide,2015,November,13,Friday,0,N/A,74,North St.James Town (74),-79.37377428,43.66728915,2015-11-13 00:00:00-0500
homicide,2015,November,17,Tuesday,0,N/A,1,West Humber-Clairville (1),-79.60383053,43.73115619,2015-11-17 00:00:00-0500
homicide,2015,November,28,Saturday,0,N/A,121,Oakridge (121),-79.28688645,43.69676167,2015-11-28 00:00:00-0500
homicide,2015,November,30,Monday,0,N/A,3,Thistletown-Beaumond Heights (3),-79.58211226,43.74325749,2015-11-30 00:00:00-0500
homicide,2015,December,11,Friday,0,N/A,77,Waterfront Communities-The Island (77),-79.39331907,43.64672612,2015-12-11 00:00:00-0500
homicide,2015,December,11,Friday,0,N/A,53,Henry Farm (53),-79.33990974,43.77605294,2015-12-11 00:00:00-0500
homicide,2015,December,11,Friday,0,N/A,76,Bay Street Corridor (76),-79.3805775,43.64641459,2015-12-11 00:00:00-0500
homicide,2015,December,14,Monday,0,N/A,55,Thorncliffe Park (55),-79.34138354,43.70801163,2015-12-14 00:00:00-0500
homicide,2015,December,15,Tuesday,0,N/A,75,Church-Yonge Corridor (75),-79.38157518,43.66008029,2015-12-15 00:00:00-0500
homicide,2015,December,15,Tuesday,0,N/A,21,Humber Summit (21),-79.57207364,43.7559688,2015-12-15 00:00:00-0500
homicide,2015,December,20,Sunday,0,N/A,106,Humewood-Cedarvale (106),-79.42086651,43.68618824,2015-12-20 00:00:00-0500
homicide,2015,December,30,Wednesday,0,N/A,100,Yonge-Eglinton (100),-79.39779022,43.7013855,2015-12-30 00:00:00-0500
homicide,2016,January,4,Monday,0,N/A,61,Taylor-Massey (61),-79.29129504,43.69313865,2016-01-04 00:00:00-0500
homicide,2016,January,17,Sunday,0,N/A,50,Newtonbrook East (50),-79.41048414,43.79652469,2016-01-17 00:00:00-0500
homicide,2016,January,19,Tuesday,0,N/A,18,New Toronto (18),-79.50864433,43.60000792,2016-01-19 00:00:00-0500
homicide,2016,January,20,Wednesday,0,N/A,117,L'Amoreaux (117),-79.33312856,43.7981694,2016-01-20 00:00:00-0500
homicide,2016,January,20,Wednesday,0,N/A,10,Princess-Rosethorn (10),-79.54348963,43.67198913,2016-01-20 00:00:00-0500
homicide,2016,January,24,Sunday,0,N/A,127,Bendale (127),-79.25364972,43.77167244,2016-01-24 00:00:00-0500
homicide,2016,January,29,Friday,0,N/A,31,Yorkdale-Glen Park (31),-79.46580817,43.70823101,2016-01-29 00:00:00-0500
homicide,2016,January,30,Saturday,0,N/A,2,Mount Olive-Silverstone-Jamestown (2),-79.58174802,43.73777365,2016-01-30 00:00:00-0500
homicide,2016,January,31,Sunday,0,N/A,78,Kensington-Chinatown (78),-79.39922772,43.65584521,2016-01-31 00:00:00-0500
homicide,2016,January,31,Sunday,0,N/A,78,Kensington-Chinatown (78),-79.39922772,43.65584521,2016-01-31 00:00:00-0500
homicide,2016,February,3,Wednesday,0,N/A,13,Etobicoke West Mall (13),-79.56971993,43.65158597,2016-02-03 00:00:00-0500
homicide,2016,February,5,Friday,0,N/A,132,Malvern (132),-79.21865095,43.80653086,2016-02-05 00:00:00-0500
homicide,2016,February,5,Friday,0,N/A,132,Malvern (132),-79.21865095,43.80653086,2016-02-05 00:00:00-0500
homicide,2016,February,5,Friday,0,N/A,132,Malvern (132),-79.21865095,43.80653086,2016-02-05 00:00:00-0500
homicide,2016,February,5,Friday,0,N/A,132,Malvern (132),-79.21865095,43.80653086,2016-02-05 00:00:00-0500
homicide,2016,February,7,Sunday,0,N/A,43,Victoria Village (43),-79.30493587,43.71598062,2016-02-07 00:00:00-0500
homicide,2016,February,9,Tuesday,0,N/A,28,Rustic (28),-79.50383466,43.70287184,2016-02-09 00:00:00-0500
homicide,2016,February,22,Monday,0,N/A,139,Scarborough Village (139),-79.2123815,43.74459793,2016-02-22 00:00:00-0500
homicide,2016,February,27,Saturday,0,N/A,120,Clairlea-Birchmount (120),-79.28991548,43.70753895,2016-02-27 00:00:00-0500
homicide,2016,February,28,Sunday,0,N/A,8,Humber Heights-Westmount (8),-79.51579787,43.69251216,2016-02-28 00:00:00-0500
homicide,2016,February,29,Monday,0,N/A,139,Scarborough Village (139),-79.21831054,43.74529871,2016-02-29 00:00:00-0500
homicide,2016,March,4,Friday,0,N/A,78,Kensington-Chinatown (78),-79.39152705,43.65222071,2016-03-04 00:00:00-0500
homicide,2016,March,20,Sunday,0,N/A,117,L'Amoreaux (117),-79.30243373,43.79721282,2016-03-20 00:00:00-0500
homicide,2016,March,22,Tuesday,0,N/A,23,Pelmo Park-Humberlea (23),-79.51111224,43.71595384,2016-03-22 00:00:00-0500
homicide,2016,March,23,Wednesday,0,N/A,70,South Riverdale (70),-79.3419651,43.66241027,2016-03-23 00:00:00-0500
homicide,2016,April,2,Saturday,0,N/A,72,Regent Park (72),-79.36343874,43.65582473,2016-04-02 00:00:00-0500
homicide,2016,April,9,Saturday,0,N/A,27,York University Heights (27),-79.49652055,43.74859199,2016-04-09 00:00:00-0500
homicide,2016,April,13,Wednesday,0,N/A,75,Church-Yonge Corridor (75),-79.38678443,43.67022021,2016-04-13 00:00:00-0500
homicide,2016,April,14,Thursday,0,N/A,17,Mimico (includes Humber Bay Shores) (17),-79.49674637,43.61222964,2016-04-14 00:00:00-0500
homicide,2016,April,17,Sunday,0,N/A,66,Danforth (66),-79.32476486,43.68311087,2016-04-17 00:00:00-0500
homicide,2016,April,17,Sunday,0,N/A,113,Weston (113),-79.52940286,43.70513523,2016-04-17 00:00:00-0500
homicide,2016,April,19,Tuesday,0,N/A,68,North Riverdale (68),-79.35290747,43.66615451,2016-04-19 00:00:00-0500
homicide,2016,April,22,Friday,0,N/A,55,Thorncliffe Park (55),-79.34138354,43.70801163,2016-04-22 00:00:00-0500
homicide,2016,April,29,Friday,0,N/A,119,Wexford/Maryvale (119),-79.31292493,43.75840854,2016-04-29 00:00:00-0500
homicide,2016,April,29,Friday,0,N/A,119,Wexford/Maryvale (119),-79.31292493,43.75840854,2016-04-29 00:00:00-0500
homicide,2016,May,15,Sunday,0,N/A,2,Mount Olive-Silverstone-Jamestown (2),-79.58941948,43.73201658,2016-05-15 00:00:00-0500
homicide,2016,May,15,Sunday,0,N/A,2,Mount Olive-Silverstone-Jamestown (2),-79.58941948,43.73201658,2016-05-15 00:00:00-0500
homicide,2016,May,18,Wednesday,0,N/A,75,Church-Yonge Corridor (75),-79.38234267,43.66680298,2016-05-18 00:00:00-0500
homicide,2016,June,3,Friday,0,N/A,22,Humbermede (22),-79.5403342,43.74271952,2016-06-03 00:00:00-0500
homicide,2016,June,7,Tuesday,0,N/A,104,Mount Pleasant West (104),-79.39663505,43.70655007,2016-06-07 00:00:00-0500
homicide,2016,July,1,Friday,0,N/A,78,Kensington-Chinatown (78),-79.4038075,43.65725556,2016-07-01 00:00:00-0500
homicide,2016,July,1,Friday,0,N/A,78,Kensington-Chinatown (78),-79.4038075,43.65725556,2016-07-01 00:00:00-0500
homicide,2016,July,3,Sunday,0,N/A,84,Little Portugal (84),-79.43767134,43.64963962,2016-07-03 00:00:00-0500
homicide,2016,July,13,Wednesday,0,N/A,25,Glenfield-Jane Heights (25),-79.52013064,43.73780052,2016-07-13 00:00:00-0500
homicide,2016,July,18,Monday,0,N/A,75,Church-Yonge Corridor (75),-79.37256279,43.6503169,2016-07-18 00:00:00-0500
homicide,2016,July,28,Thursday,0,N/A,127,Bendale (127),-79.25807235,43.75296847,2016-07-28 00:00:00-0500
homicide,2016,July,29,Friday,0,N/A,75,Church-Yonge Corridor (75),-79.38192438,43.66952775,2016-07-29 00:00:00-0500
homicide,2016,August,9,Tuesday,0,N/A,69,Blake-Jones (69),-79.33443371,43.67726343,2016-08-09 00:00:00-0500
homicide,2016,August,15,Monday,0,N/A,73,Moss Park (73),-79.37345495,43.65729769,2016-08-15 00:00:00-0500
homicide,2016,August,21,Sunday,0,N/A,82,Niagara (82),-79.41270633,43.64190559,2016-08-21 00:00:00-0500
homicide,2016,August,25,Thursday,0,N/A,139,Scarborough Village (139),-79.22282061,43.73957577,2016-08-25 00:00:00-0500
homicide,2016,August,25,Thursday,0,N/A,139,Scarborough Village (139),-79.22282061,43.73957577,2016-08-25 00:00:00-0500
homicide,2016,August,25,Thursday,0,N/A,139,Scarborough Village (139),-79.22282061,43.73957577,2016-08-25 00:00:00-0500
homicide,2016,August,27,Saturday,0,N/A,70,South Riverdale (70),-79.35289985,43.66048853,2016-08-27 00:00:00-0500
homicide,2016,September,11,Sunday,0,N/A,85,South Parkdale (85),-79.4253333,43.63733981,2016-09-11 00:00:00-0500
homicide,2016,September,13,Tuesday,0,N/A,27,York University Heights (27),-79.4997038,43.76779533,2016-09-13 00:00:00-0500
homicide,2016,September,21,Wednesday,0,N/A,91,Weston-Pellam Park (91),-79.45736952,43.66972272,2016-09-21 00:00:00-0500
homicide,2016,September,23,Friday,0,N/A,127,Bendale (127),-79.25362418,43.7745768,2016-09-23 00:00:00-0500
homicide,2016,September,30,Friday,0,N/A,1,West Humber-Clairville (1),-79.61077713,43.7339786,2016-09-30 00:00:00-0500
homicide,2016,October,16,Sunday,0,N/A,113,Weston (113),-79.51778665,43.7005943,2016-10-16 00:00:00-0500
homicide,2016,October,18,Tuesday,0,N/A,1,West Humber-Clairville (1),-79.60015252,43.74702948,2016-10-18 00:00:00-0500
homicide,2016,October,24,Monday,0,N/A,6,Kingsview Village-The Westway (6),-79.55637202,43.69952383,2016-10-24 00:00:00-0500
homicide,2016,October,27,Thursday,0,N/A,135,Morningside (135),-79.20562524,43.76404365,2016-10-27 00:00:00-0500
homicide,2016,November,5,Saturday,0,N/A,81,Trinity-Bellwoods (81),-79.41242955,43.65500657,2016-11-05 00:00:00-0500
homicide,2016,November,18,Friday,0,N/A,43,Victoria Village (43),-79.31351959,43.7260177,2016-11-18 00:00:00-0500
homicide,2016,November,19,Saturday,0,N/A,24,Black Creek (24),-79.51928818,43.77026626,2016-11-19 00:00:00-0500
homicide,2016,November,27,Sunday,0,N/A,70,South Riverdale (70),-79.35294135,43.66176404,2016-11-27 00:00:00-0500
homicide,2016,December,3,Saturday,0,N/A,33,Clanton Park (33),-79.44156413,43.75063275,2016-12-03 00:00:00-0500
homicide,2016,December,4,Sunday,0,N/A,25,Glenfield-Jane Heights (25),-79.52690232,43.75530636,2016-12-04 00:00:00-0500
homicide,2016,December,7,Wednesday,0,N/A,58,Old East York (58),-79.34272812,43.69373257,2016-12-07 00:00:00-0500
homicide,2016,December,14,Wednesday,0,N/A,139,Scarborough Village (139),-79.21969005,43.74501403,2016-12-14 00:00:00-0500
homicide,2016,December,16,Friday,0,N/A,83,Dufferin Grove (83),-79.43167718,43.65273723,2016-12-16 00:00:00-0500
homicide,2016,December,17,Saturday,0,N/A,113,Weston (113),-79.5166557,43.69914436,2016-12-17 00:00:00-0500
homicide,2016,December,18,Sunday,0,N/A,6,Kingsview Village-The Westway (6),-79.54924116,43.70256621,2016-12-18 00:00:00-0500
homicide,2016,December,24,Saturday,0,N/A,73,Moss Park (73),-79.36962756,43.65719355,2016-12-24 00:00:00-0500
homicide,2017,January,8,Sunday,0,N/A,73,Moss Park (73),-79.36793615,43.65484842,2017-01-08 00:00:00-0500
homicide,2017,January,23,Monday,0,N/A,21,Humber Summit (21),-79.56921772,43.75622331,2017-01-23 00:00:00-0500
homicide,2017,January,26,Thursday,0,N/A,17,Mimico (includes Humber Bay Shores) (17),-79.51475467,43.60920598,2017-01-26 00:00:00-0500
homicide,2017,January,30,Monday,0,N/A,72,Regent Park (72),-79.36149468,43.66315235,2017-01-30 00:00:00-0500
homicide,2017,January,30,Monday,0,N/A,73,Moss Park (73),-79.37107514,43.65159849,2017-01-30 00:00:00-0500
homicide,2017,February,1,Wednesday,0,N/A,25,Glenfield-Jane Heights (25),-79.51707116,43.75484813,2017-02-01 00:00:00-0500
homicide,2017,February,5,Sunday,0,N/A,66,Danforth (66),-79.34237567,43.68291361,2017-02-05 00:00:00-0500
homicide,2017,February,6,Monday,0,N/A,37,Willowdale West (37),-79.41557607,43.77488475,2017-02-06 00:00:00-0500
homicide,2017,February,6,Monday,0,N/A,5,Elms-Old Rexdale (5),-79.55128126,43.71671867,2017-02-06 00:00:00-0500
homicide,2017,February,16,Thursday,0,N/A,54,O'Connor-Parkview (54),-79.29739077,43.70300354,2017-02-16 00:00:00-0500
homicide,2017,February,25,Saturday,0,N/A,55,Thorncliffe Park (55),-79.3415976,43.70449995,2017-02-25 00:00:00-0500
homicide,2017,March,4,Saturday,0,N/A,68,North Riverdale (68),-79.35470378,43.66564013,2017-03-04 00:00:00-0500
homicide,2017,March,16,Thursday,0,N/A,131,Rouge (131),-79.18466338,43.81019542,2017-03-16 00:00:00-0500
homicide,2017,March,18,Saturday,0,N/A,61,Taylor-Massey (61),-79.29545721,43.70167229,2017-03-18 00:00:00-0500
homicide,2017,March,31,Friday,0,N/A,8,Humber Heights-Westmount (8),-79.52085138,43.69093313,2017-03-31 00:00:00-0500
homicide,2017,April,14,Friday,0,N/A,117,L'Amoreaux (117),-79.33093157,43.79744705,2017-04-14 00:00:00-0500
homicide,2017,April,14,Friday,0,N/A,70,South Riverdale (70),-79.34358759,43.66028167,2017-04-14 00:00:00-0500
homicide,2017,April,21,Friday,0,N/A,108,Briar Hill-Belgravia (108),-79.45113725,43.69791059,2017-04-21 00:00:00-0500
homicide,2017,May,22,Monday,0,N/A,70,South Riverdale (70),-79.34519196,43.66708884,2017-05-22 00:00:00-0500
homicide,2017,May,22,Monday,0,N/A,70,South Riverdale (70),-79.34519196,43.66708884,2017-05-22 00:00:00-0500
homicide,2017,June,7,Wednesday,0,N/A,112,Beechborough-Greenbrook (112),-79.48287462,43.68836218,2017-06-07 00:00:00-0500
homicide,2017,June,11,Sunday,0,N/A,22,Humbermede (22),-79.5572796,43.74768039,2017-06-11 00:00:00-0500
homicide,2017,June,23,Friday,0,N/A,93,Dovercourt-Wallace Emerson-Junction (93),-79.44356096,43.66732192,2017-06-23 00:00:00-0500
homicide,2017,July,2,Sunday,0,N/A,72,Regent Park (72),-79.36476976,43.66044171,2017-07-02 00:00:00-0500
homicide,2017,July,23,Sunday,0,N/A,131,Rouge (131),-79.19919414,43.81330943,2017-07-23 00:00:00-0500
homicide,2017,July,23,Sunday,0,N/A,131,Rouge (131),-79.19919414,43.81330943,2017-07-23 00:00:00-0500
homicide,2017,July,23,Sunday,0,N/A,132,Malvern (132),-79.21028273,43.8101984,2017-07-23 00:00:00-0500
homicide,2017,July,30,Sunday,0,N/A,31,Yorkdale-Glen Park (31),-79.45242612,43.71432126,2017-07-30 00:00:00-0500
homicide,2017,July,31,Monday,0,N/A,73,Moss Park (73),-79.36945603,43.65451911,2017-07-31 00:00:00-0500
homicide,2017,July,31,Monday,0,N/A,57,Broadview North (57),-79.35366157,43.68950015,2017-07-31 00:00:00-0500
homicide,2017,August,1,Tuesday,0,N/A,106,Humewood-Cedarvale (106),-79.41996024,43.68720197,2017-08-01 00:00:00-0500
homicide,2017,August,17,Thursday,0,N/A,27,York University Heights (27),-79.50487885,43.75995786,2017-08-17 00:00:00-0500
homicide,2017,August,20,Sunday,0,N/A,79,University (79),-79.40651625,43.65671576,2017-08-20 00:00:00-0500
homicide,2017,August,22,Tuesday,0,N/A,25,Glenfield-Jane Heights (25),-79.5178468,43.75019335,2017-08-22 00:00:00-0500
homicide,2017,August,31,Thursday,0,N/A,26,Downsview-Roding-CFB (26),-79.51334606,43.72198096,2017-08-31 00:00:00-0500
homicide,2017,September,2,Saturday,0,N/A,5,Elms-Old Rexdale (5),-79.54572369,43.7282297,2017-09-02 00:00:00-0500
homicide,2017,September,6,Wednesday,0,N/A,138,Eglinton East (138),-79.24552663,43.73944979,2017-09-06 00:00:00-0500
homicide,2017,September,10,Sunday,0,N/A,122,Birchcliffe-Cliffside (122),-79.26446437,43.69816225,2017-09-10 00:00:00-0500
homicide,2017,September,13,Wednesday,0,N/A,53,Henry Farm (53),-79.34310796,43.76929319,2017-09-13 00:00:00-0500
homicide,2017,September,14,Thursday,0,N/A,126,Dorset Park (126),-79.2855495,43.76889479,2017-09-14 00:00:00-0500
homicide,2017,September,16,Saturday,0,N/A,77,Waterfront Communities-The Island (77),-79.38636582,43.64800312,2017-09-16 00:00:00-0500
homicide,2017,September,16,Saturday,0,N/A,72,Regent Park (72),-79.3603238,43.66342025,2017-09-16 00:00:00-0500
homicide,2017,September,29,Friday,0,N/A,26,Downsview-Roding-CFB (26),-79.51334606,43.72198096,2017-09-29 00:00:00-0500
homicide,2017,October,1,Sunday,0,N/A,70,South Riverdale (70),-79.35494779,43.64121572,2017-10-01 00:00:00-0500
homicide,2017,October,1,Sunday,0,N/A,70,South Riverdale (70),-79.35494779,43.64121572,2017-10-01 00:00:00-0500
homicide,2017,October,4,Wednesday,0,N/A,4,Rexdale-Kipling (4),-79.56978664,43.72517504,2017-10-04 00:00:00-0500
homicide,2017,October,5,Thursday,0,N/A,6,Kingsview Village-The Westway (6),-79.5473517,43.69461419,2017-10-05 00:00:00-0500
homicide,2017,October,7,Saturday,0,N/A,60,Woodbine-Lumsden (60),-79.31594918,43.697519,2017-10-07 00:00:00-0500
homicide,2017,October,8,Sunday,0,N/A,6,Kingsview Village-The Westway (6),-79.55184649,43.69788407,2017-10-08 00:00:00-0500
homicide,2017,October,13,Friday,0,N/A,93,Dovercourt-Wallace Emerson-Junction (93),-79.42543719,43.66775429,2017-10-13 00:00:00-0500
homicide,2017,October,14,Saturday,0,N/A,21,Humber Summit (21),-79.55297972,43.75143328,2017-10-14 00:00:00-0500
homicide,2017,October,20,Friday,0,N/A,55,Thorncliffe Park (55),-79.3423868,43.70514285,2017-10-20 00:00:00-0500
homicide,2017,October,28,Saturday,0,N/A,43,Victoria Village (43),-79.30493587,43.71598062,2017-10-28 00:00:00-0500
homicide,2017,November,13,Monday,0,N/A,72,Regent Park (72),-79.36601253,43.65943484,2017-11-13 00:00:00-0500
homicide,2017,November,14,Tuesday,0,N/A,113,Weston (113),-79.51940101,43.70103255,2017-11-14 00:00:00-0500
homicide,2017,November,21,Tuesday,0,N/A,131,Rouge (131),-79.20177439,43.81333623,2017-11-21 00:00:00-0500
homicide,2017,November,29,Wednesday,0,N/A,75,Church-Yonge Corridor (75),-79.38140991,43.66682533,2017-11-29 00:00:00-0500
homicide,2017,December,4,Monday,0,N/A,139,Scarborough Village (139),-79.22322781,43.74045885,2017-12-04 00:00:00-0500
homicide,2017,December,6,Wednesday,0,N/A,133,Centennial Scarborough (133),-79.15053808,43.77645564,2017-12-06 00:00:00-0500
homicide,2017,December,12,Tuesday,0,N/A,132,Malvern (132),-79.21120593,43.81185082,2017-12-12 00:00:00-0500
homicide,2017,December,15,Friday,0,N/A,40,St.Andrew-Windfields (40),-79.38217918,43.75788343,2017-12-15 00:00:00-0500
homicide,2017,December,15,Friday,0,N/A,40,St.Andrew-Windfields (40),-79.38217918,43.75788343,2017-12-15 00:00:00-0500
homicide,2017,December,16,Saturday,0,N/A,77,Waterfront Communities-The Island (77),-79.37078557,43.6478303,2017-12-16 00:00:00-0500
homicide,2017,December,31,Sunday,0,N/A,55,Thorncliffe Park (55),-79.34138354,43.70801163,2017-12-31 00:00:00-0500
homicide,2017,December,31,Sunday,0,N/A,55,Thorncliffe Park (55),-79.34138354,43.70801163,2017-12-31 00:00:00-0500
homicide,2018,January,3,Wednesday,0,N/A,7,Willowridge-Martingrove-Richview (7),-79.56320142,43.68149133,2018-01-03 00:00:00-0500
homicide,2018,January,9,Tuesday,0,N/A,8,Humber Heights-Westmount (8),-79.51701309,43.69402122,2018-01-09 00:00:00-0500
homicide,2018,January,19,Friday,0,N/A,11,Eringate-Centennial-West Deane (11),-79.56841471,43.65939069,2018-01-19 00:00:00-0500
homicide,2018,January,19,Friday,0,N/A,11,Eringate-Centennial-West Deane (11),-79.56841471,43.65939069,2018-01-19 00:00:00-0500
homicide,2018,January,29,Monday,0,N/A,75,Church-Yonge Corridor (75),-79.3837124,43.66451369,2018-01-29 00:00:00-0500
homicide,2018,February,8,Thursday,0,N/A,52,Bayview Village (52),-79.38738585,43.78071974,2018-02-08 00:00:00-0500
homicide,2018,February,15,Thursday,0,N/A,133,Centennial Scarborough (133),-79.17244463,43.78218551,2018-02-15 00:00:00-0500
homicide,2018,February,26,Monday,0,N/A,96,Casa Loma (96),-79.41708659,43.68009853,2018-02-26 00:00:00-0500
homicide,2018,March,2,Friday,0,N/A,24,Black Creek (24),-79.52040116,43.76882055,2018-03-02 00:00:00-0500
homicide,2018,March,6,Tuesday,0,N/A,45,Parkwoods-Donalda (45),-79.34510081,43.76309465,2018-03-06 00:00:00-0500
homicide,2018,March,10,Saturday,0,N/A,2,Mount Olive-Silverstone-Jamestown (2),-79.58793358,43.74529478,2018-03-10 00:00:00-0500
homicide,2018,March,16,Friday,0,N/A,8,Humber Heights-Westmount (8),-79.51658143,43.69382045,2018-03-16 00:00:00-0500
homicide,2018,March,17,Saturday,0,N/A,31,Yorkdale-Glen Park (31),-79.45551267,43.71763393,2018-03-17 00:00:00-0500
homicide,2018,March,17,Saturday,0,N/A,31,Yorkdale-Glen Park (31),-79.45551267,43.71763393,2018-03-17 00:00:00-0500
homicide,2018,April,6,Friday,0,N/A,119,Wexford/Maryvale (119),-79.31816076,43.76450904,2018-04-06 00:00:00-0500
homicide,2018,April,8,Sunday,0,N/A,119,Wexford/Maryvale (119),-79.30798068,43.74434917,2018-04-08 00:00:00-0500
homicide,2018,April,10,Tuesday,0,N/A,58,Old East York (58),-79.34322242,43.69502347,2018-04-10 00:00:00-0500
homicide,2018,April,21,Saturday,0,N/A,124,Kennedy Park (124),-79.25202762,43.72726556,2018-04-21 00:00:00-0500
homicide,2018,April,23,Monday,0,N/A,51,Willowdale East (51),-79.41055633,43.75994133,2018-04-23 00:00:00-0500
homicide,2018,April,23,Monday,0,N/A,51,Willowdale East (51),-79.41055633,43.75994133,2018-04-23 00:00:00-0500
homicide,2018,April,23,Monday,0,N/A,51,Willowdale East (51),-79.41055633,43.75994133,2018-04-23 00:00:00-0500
homicide,2018,April,23,Monday,0,N/A,51,Willowdale East (51),-79.41055633,43.75994133,2018-04-23 00:00:00-0500
homicide,2018,April,23,Monday,0,N/A,51,Willowdale East (51),-79.41055633,43.75994133,2018-04-23 00:00:00-0500
homicide,2018,April,23,Monday,0,N/A,51,Willowdale East (51),-79.41055633,43.75994133,2018-04-23 00:00:00-0500
homicide,2018,April,23,Monday,0,N/A,51,Willowdale East (51),-79.41055633,43.75994133,2018-04-23 00:00:00-0500
homicide,2018,April,23,Monday,0,N/A,51,Willowdale East (51),-79.41055633,43.75994133,2018-04-23 00:00:00-0500
homicide,2018,April,23,Monday,0,N/A,51,Willowdale East (51),-79.41055633,43.75994133,2018-04-23 00:00:00-0500
homicide,2018,April,23,Monday,0,N/A,51,Willowdale East (51),-79.41055633,43.75994133,2018-04-23 00:00:00-0500
homicide,2018,April,23,Monday,0,N/A,51,Willowdale East (51),-79.41055633,43.75994133,2018-04-23 00:00:00-0500
homicide,2018,May,6,Sunday,0,N/A,122,Birchcliffe-Cliffside (122),-79.27874539,43.67476696,2018-05-06 00:00:00-0500
homicide,2018,May,7,Monday,0,N/A,10,Princess-Rosethorn (10),-79.55016382,43.67338801,2018-05-07 00:00:00-0500
homicide,2018,May,20,Sunday,0,N/A,135,Morningside (135),-79.21618849,43.77541579,2018-05-20 00:00:00-0500
homicide,2018,May,20,Sunday,0,N/A,76,Bay Street Corridor (76),-79.3785333,43.64838124,2018-05-20 00:00:00-0500
homicide,2018,May,23,Wednesday,0,N/A,95,Annex (95),-79.40530147,43.67030253,2018-05-23 00:00:00-0500
homicide,2018,May,25,Friday,0,N/A,62,East End-Danforth (62),-79.30117787,43.67812042,2018-05-25 00:00:00-0500
homicide,2018,May,25,Friday,0,N/A,57,Broadview North (57),-79.35131725,43.69197817,2018-05-25 00:00:00-0500
homicide,2018,May,28,Monday,0,N/A,95,Annex (95),-79.39019615,43.6713507,2018-05-28 00:00:00-0500
homicide,2018,May,28,Monday,0,N/A,132,Malvern (132),-79.22422601,43.80448757,2018-05-28 00:00:00-0500
homicide,2018,May,30,Wednesday,0,N/A,75,Church-Yonge Corridor (75),-79.3803111,43.65645381,2018-05-30 00:00:00-0500
homicide,2018,June,5,Tuesday,0,N/A,18,New Toronto (18),-79.50939452,43.60258044,2018-06-05 00:00:00-0500
homicide,2018,June,9,Saturday,0,N/A,84,Little Portugal (84),-79.43290963,43.64781072,2018-06-09 00:00:00-0500
homicide,2018,June,9,Saturday,0,N/A,82,Niagara (82),-79.4096014,43.64529131,2018-06-09 00:00:00-0500
homicide,2018,June,13,Wednesday,0,N/A,86,Roncesvalles (86),-79.4355444,43.64466444,2018-06-13 00:00:00-0500
homicide,2018,June,16,Saturday,0,N/A,123,Cliffcrest (123),-79.24917359,43.71918512,2018-06-16 00:00:00-0500
homicide,2018,June,18,Monday,0,N/A,98,Rosedale-Moore Park (98),-79.38581958,43.6715705,2018-06-18 00:00:00-0500
homicide,2018,June,23,Saturday,0,N/A,2,Mount Olive-Silverstone-Jamestown (2),-79.58883698,43.73572901,2018-06-23 00:00:00-0500
homicide,2018,June,24,Sunday,0,N/A,32,Englemount-Lawrence (32),-79.44354801,43.71877318,2018-06-24 00:00:00-0500
homicide,2018,June,24,Sunday,0,N/A,3,Thistletown-Beaumond Heights (3),-79.57586447,43.73829098,2018-06-24 00:00:00-0500
homicide,2018,June,24,Sunday,0,N/A,3,Thistletown-Beaumond Heights (3),-79.57586447,43.73829098,2018-06-24 00:00:00-0500
homicide,2018,June,25,Monday,0,N/A,73,Moss Park (73),-79.37135298,43.65906716,2018-06-25 00:00:00-0500
homicide,2018,June,30,Saturday,0,N/A,78,Kensington-Chinatown (78),-79.39369866,43.64934497,2018-06-30 00:00:00-0500
homicide,2018,June,30,Saturday,0,N/A,78,Kensington-Chinatown (78),-79.39369866,43.64934497,2018-06-30 00:00:00-0500
homicide,2018,July,1,Sunday,0,N/A,78,Kensington-Chinatown (78),-79.40233235,43.65522887,2018-07-01 00:00:00-0500
homicide,2018,July,1,Sunday,0,N/A,65,Greenwood-Coxwell (65),-79.33237918,43.68147804,2018-07-01 00:00:00-0500
homicide,2018,July,5,Thursday,0,N/A,120,Clairlea-Birchmount (120),-79.28855913,43.70437453,2018-07-05 00:00:00-0500
homicide,2018,July,8,Sunday,0,N/A,24,Black Creek (24),-79.51522778,43.76814882,2018-07-08 00:00:00-0500
homicide,2018,July,9,Monday,0,N/A,24,Black Creek (24),-79.51622058,43.77012645,2018-07-09 00:00:00-0500
homicide,2018,July,21,Saturday,0,N/A,70,South Riverdale (70),-79.34770514,43.65685048,2018-07-21 00:00:00-0500
homicide,2018,July,23,Monday,0,N/A,67,Playter Estates-Danforth (67),-79.35147435,43.67804611,2018-07-23 00:00:00-0500
homicide,2018,July,23,Monday,0,N/A,67,Playter Estates-Danforth (67),-79.35147435,43.67804611,2018-07-23 00:00:00-0500
homicide,2018,July,25,Wednesday,0,N/A,21,Humber Summit (21),-79.56886444,43.75470343,2018-07-25 00:00:00-0500
homicide,2018,August,13,Monday,0,N/A,18,New Toronto (18),-79.50889593,43.60153166,2018-08-13 00:00:00-0500
homicide,2018,August,15,Wednesday,0,N/A,2,Mount Olive-Silverstone-Jamestown (2),-79.58904119,43.73438057,2018-08-15 00:00:00-0500
homicide,2018,August,18,Saturday,0,N/A,6,Kingsview Village-The Westway (6),-79.55446079,43.69378502,2018-08-18 00:00:00-0500
homicide,2018,August,18,Saturday,0,N/A,14,Islington-City Centre West (14),-79.55689984,43.61011982,2018-08-18 00:00:00-0500
homicide,2018,August,18,Saturday,0,N/A,14,Islington-City Centre West (14),-79.55689984,43.61011982,2018-08-18 00:00:00-0500
homicide,2018,August,19,Sunday,0,N/A,73,Moss Park (73),-79.36502244,43.65244309,2018-08-19 00:00:00-0500
homicide,2018,August,22,Wednesday,0,N/A,66,Danforth (66),-79.34072784,43.68011784,2018-08-22 00:00:00-0500
homicide,2018,August,22,Wednesday,0,N/A,115,Mount Dennis (115),-79.50088739,43.69129537,2018-08-22 00:00:00-0500
homicide,2018,August,24,Friday,0,N/A,113,Weston (113),-79.51619757,43.70015197,2018-08-24 00:00:00-0500
homicide,2018,August,24,Friday,0,N/A,132,Malvern (132),-79.24282227,43.81178167,2018-08-24 00:00:00-0500
homicide,2018,August,29,Wednesday,0,N/A,72,Regent Park (72),-79.35783269,43.66197474,2018-08-29 00:00:00-0500
homicide,2018,August,31,Friday,0,N/A,120,Clairlea-Birchmount (120),-79.27554407,43.70150708,2018-08-31 00:00:00-0500
homicide,2018,September,2,Sunday,0,N/A,132,Malvern (132),-79.2101661,43.80913851,2018-09-02 00:00:00-0500
homicide,2018,September,2,Sunday,0,N/A,82,Niagara (82),-79.40328612,43.63573062,2018-09-02 00:00:00-0500
homicide,2018,September,8,Saturday,0,N/A,91,Weston-Pellam Park (91),-79.46317052,43.67400504,2018-09-08 00:00:00-0500
homicide,2018,September,8,Saturday,0,N/A,86,Roncesvalles (86),-79.4355444,43.64466444,2018-09-08 00:00:00-0500
homicide,2018,September,11,Tuesday,0,N/A,7,Willowridge-Martingrove-Richview (7),-79.56858671,43.68430231,2018-09-11 00:00:00-0500
homicide,2018,September,14,Friday,0,N/A,138,Eglinton East (138),-79.23205255,43.74303221,2018-09-14 00:00:00-0500
homicide,2018,September,18,Tuesday,0,N/A,128,Agincourt South-Malvern West (128),-79.26222842,43.78820307,2018-09-18 00:00:00-0500
homicide,2018,September,19,Wednesday,0,N/A,50,Newtonbrook East (50),-79.41781984,43.78897168,2018-09-19 00:00:00-0500
homicide,2018,September,24,Monday,0,N/A,53,Henry Farm (53),-79.34454404,43.77234248,2018-09-24 00:00:00-0500
homicide,2018,September,25,Tuesday,0,N/A,72,Regent Park (72),-79.36299801,43.66008107,2018-09-25 00:00:00-0500
homicide,2018,October,2,Tuesday,0,N/A,27,York University Heights (27),-79.49464569,43.77771185,2018-10-02 00:00:00-0500
homicide,2018,October,3,Wednesday,0,N/A,118,Tam O'Shanter-Sullivan (118),-79.29878906,43.78369574,2018-10-03 00:00:00-0500
homicide,2018,October,4,Thursday,0,N/A,70,South Riverdale (70),-79.34744387,43.65941362,2018-10-04 00:00:00-0500
homicide,2018,October,11,Thursday,0,N/A,26,Downsview-Roding-CFB (26),-79.48909235,43.73485655,2018-10-11 00:00:00-0500
homicide,2018,October,12,Friday,0,N/A,75,Church-Yonge Corridor (75),-79.37669888,43.65695754,2018-10-12 00:00:00-0500
homicide,2018,October,18,Thursday,0,N/A,120,Clairlea-Birchmount (120),-79.28629162,43.69907019,2018-10-18 00:00:00-0500
homicide,2018,October,20,Saturday,0,N/A,124,Kennedy Park (124),-79.2645509,43.73276465,2018-10-20 00:00:00-0500
homicide,2018,November,14,Wednesday,0,N/A,23,Pelmo Park-Humberlea (23),-79.53043714,43.71946574,2018-11-14 00:00:00-0500
homicide,2018,November,16,Friday,0,N/A,73,Moss Park (73),-79.36900509,43.65461429,2018-11-16 00:00:00-0500
homicide,2018,November,18,Sunday,0,N/A,136,West Hill (136),-79.188074,43.76726367,2018-11-18 00:00:00-0500
homicide,2018,December,6,Thursday,0,N/A,73,Moss Park (73),-79.37445106,43.66019618,2018-12-06 00:00:00-0500
homicide,2018,December,12,Wednesday,0,N/A,6,Kingsview Village-The Westway (6),-79.54867241,43.7013181,2018-12-12 00:00:00-0500
homicide,2018,December,18,Tuesday,0,N/A,24,Black Creek (24),-79.51777127,43.75900983,2018-12-18 00:00:00-0500
homicide,2018,December,19,Wednesday,0,N/A,77,Waterfront Communities-The Island (77),-79.39764343,43.64494841,2018-12-19 00:00:00-0500
homicide,2018,December,21,Friday,0,N/A,2,Mount Olive-Silverstone-Jamestown (2),-79.58390504,43.75109662,2018-12-21 00:00:00-0500
